ts,requestId,platform,stage,action,selector,url,result,elapsedMs,counts_json,note
2026-02-18T22:12:12.545Z,0206a7ac-e9f1-44bc-9513-d4736b6baace,LINKEDIN,navigate,goto,,https://www.linkedin.com/messaging/,ok,381,{},navigate_inbox
2026-02-18T22:12:13.113Z,0206a7ac-e9f1-44bc-9513-d4736b6baace,LINKEDIN,navigate,wait_for_domcontentloaded,,,ok,568,{},post_goto_domcontentloaded
2026-02-18T22:12:13.465Z,0206a7ac-e9f1-44bc-9513-d4736b6baace,LINKEDIN,navigate,wait_for_timeout,,,ok,351,{},post_navigation_settle
2026-02-18T22:12:16.805Z,0206a7ac-e9f1-44bc-9513-d4736b6baace,LINKEDIN,connect,wait_for_visible,ul.msg-conversations-container__conversations-list,,ok,3315,{},wait_thread_list_connected
2026-02-18T22:12:17.309Z,0206a7ac-e9f1-44bc-9513-d4736b6baace,LINKEDIN,connect,ensure_connected,,,ok,,{},
2026-02-18T22:12:17.760Z,0206a7ac-e9f1-44bc-9513-d4736b6baace,LINKEDIN,navigate,goto,,https://www.linkedin.com/messaging/,ok,426,{},navigate_inbox
2026-02-18T22:12:18.241Z,0206a7ac-e9f1-44bc-9513-d4736b6baace,LINKEDIN,navigate,wait_for_domcontentloaded,,,ok,479,{},post_goto_domcontentloaded
2026-02-18T22:12:18.594Z,0206a7ac-e9f1-44bc-9513-d4736b6baace,LINKEDIN,navigate,wait_for_timeout,,,ok,352,{},post_navigation_settle
2026-02-18T22:12:18.662Z,0206a7ac-e9f1-44bc-9513-d4736b6baace,LINKEDIN,collect_threads,locator_count,li.msg-conversation-listitem .msg-conversation-listitem__link,,ok,2,{},read_thread_item_count
2026-02-18T22:12:18.664Z,0206a7ac-e9f1-44bc-9513-d4736b6baace,LINKEDIN,collect_threads,locator_count,".msg-conversations-container__no-results, .msg-conversations-container__empty-state, .msg-conversations-container__empty-convos, [data-test-empty-state]",,ok,2,{},read_empty_state_count
2026-02-18T22:12:18.807Z,0206a7ac-e9f1-44bc-9513-d4736b6baace,LINKEDIN,collect_threads,wait_for_timeout,,,ok,143,{},thread_list_poll_wait
2026-02-18T22:12:18.816Z,0206a7ac-e9f1-44bc-9513-d4736b6baace,LINKEDIN,collect_threads,locator_count,li.msg-conversation-listitem .msg-conversation-listitem__link,,ok,2,{},read_thread_item_count
2026-02-18T22:12:18.819Z,0206a7ac-e9f1-44bc-9513-d4736b6baace,LINKEDIN,collect_threads,locator_count,".msg-conversations-container__no-results, .msg-conversations-container__empty-state, .msg-conversations-container__empty-convos, [data-test-empty-state]",,ok,3,{},read_empty_state_count
2026-02-18T22:12:18.964Z,0206a7ac-e9f1-44bc-9513-d4736b6baace,LINKEDIN,collect_threads,wait_for_timeout,,,ok,145,{},thread_list_poll_wait
2026-02-18T22:12:18.975Z,0206a7ac-e9f1-44bc-9513-d4736b6baace,LINKEDIN,collect_threads,locator_count,li.msg-conversation-listitem .msg-conversation-listitem__link,,ok,3,{},read_thread_item_count
2026-02-18T22:12:18.978Z,0206a7ac-e9f1-44bc-9513-d4736b6baace,LINKEDIN,collect_threads,locator_count,".msg-conversations-container__no-results, .msg-conversations-container__empty-state, .msg-conversations-container__empty-convos, [data-test-empty-state]",,ok,2,{},read_empty_state_count
2026-02-18T22:12:19.123Z,0206a7ac-e9f1-44bc-9513-d4736b6baace,LINKEDIN,collect_threads,wait_for_timeout,,,ok,144,{},thread_list_poll_wait
2026-02-18T22:12:19.134Z,0206a7ac-e9f1-44bc-9513-d4736b6baace,LINKEDIN,collect_threads,locator_count,li.msg-conversation-listitem .msg-conversation-listitem__link,,ok,3,{},read_thread_item_count
2026-02-18T22:12:19.137Z,0206a7ac-e9f1-44bc-9513-d4736b6baace,LINKEDIN,collect_threads,locator_count,".msg-conversations-container__no-results, .msg-conversations-container__empty-state, .msg-conversations-container__empty-convos, [data-test-empty-state]",,ok,3,{},read_empty_state_count
2026-02-18T22:12:19.281Z,0206a7ac-e9f1-44bc-9513-d4736b6baace,LINKEDIN,collect_threads,wait_for_timeout,,,ok,143,{},thread_list_poll_wait
2026-02-18T22:12:19.288Z,0206a7ac-e9f1-44bc-9513-d4736b6baace,LINKEDIN,collect_threads,locator_count,li.msg-conversation-listitem .msg-conversation-listitem__link,,ok,2,{},read_thread_item_count
2026-02-18T22:12:19.304Z,0206a7ac-e9f1-44bc-9513-d4736b6baace,LINKEDIN,collect_threads,locator_count,".msg-conversations-container__no-results, .msg-conversations-container__empty-state, .msg-conversations-container__empty-convos, [data-test-empty-state]",,ok,16,{},read_empty_state_count
2026-02-18T22:12:19.647Z,0206a7ac-e9f1-44bc-9513-d4736b6baace,LINKEDIN,collect_threads,wait_for_timeout,,,ok,342,{},thread_list_poll_wait
2026-02-18T22:12:22.447Z,0206a7ac-e9f1-44bc-9513-d4736b6baace,LINKEDIN,collect_threads,locator_count,li.msg-conversation-listitem .msg-conversation-listitem__link,,ok,13,{},read_thread_item_count
2026-02-18T22:12:22.947Z,0206a7ac-e9f1-44bc-9513-d4736b6baace,LINKEDIN,unread_filter,click,button[data-test-messaging-inbox-filters__filter-pill='UNREAD'],,ok,256,{},activate_unread_pill
2026-02-18T22:12:23.074Z,0206a7ac-e9f1-44bc-9513-d4736b6baace,LINKEDIN,unread_filter,locator_count,li.msg-conversation-listitem .msg-conversation-listitem__link,,ok,9,{},settle_thread_count
2026-02-18T22:12:23.081Z,0206a7ac-e9f1-44bc-9513-d4736b6baace,LINKEDIN,unread_filter,locator_count,.msg-conversation-card__unread-count .notification-badge__count,,ok,7,{},settle_unread_badge_count
2026-02-18T22:12:23.089Z,0206a7ac-e9f1-44bc-9513-d4736b6baace,LINKEDIN,unread_filter,locator_count,".artdeco-loader, .artdeco-spinner, .msg-conversations-container__conversations-list-loader, .msg-conversations-container__loading, [aria-label*='Loading']",,ok,8,{},settle_spinner_count
2026-02-18T22:12:23.255Z,0206a7ac-e9f1-44bc-9513-d4736b6baace,LINKEDIN,unread_filter,wait_for_timeout,,,ok,156,{},settle_poll_wait
2026-02-18T22:12:23.262Z,0206a7ac-e9f1-44bc-9513-d4736b6baace,LINKEDIN,unread_filter,locator_count,li.msg-conversation-listitem .msg-conversation-listitem__link,,ok,7,{},settle_thread_count
2026-02-18T22:12:23.267Z,0206a7ac-e9f1-44bc-9513-d4736b6baace,LINKEDIN,unread_filter,locator_count,.msg-conversation-card__unread-count .notification-badge__count,,ok,5,{},settle_unread_badge_count
2026-02-18T22:12:23.275Z,0206a7ac-e9f1-44bc-9513-d4736b6baace,LINKEDIN,unread_filter,locator_count,".artdeco-loader, .artdeco-spinner, .msg-conversations-container__conversations-list-loader, .msg-conversations-container__loading, [aria-label*='Loading']",,ok,8,{},settle_spinner_count
2026-02-18T22:12:23.429Z,0206a7ac-e9f1-44bc-9513-d4736b6baace,LINKEDIN,unread_filter,wait_for_timeout,,,ok,150,{},settle_poll_wait
2026-02-18T22:12:23.438Z,0206a7ac-e9f1-44bc-9513-d4736b6baace,LINKEDIN,unread_filter,locator_count,li.msg-conversation-listitem .msg-conversation-listitem__link,,ok,9,{},settle_thread_count
2026-02-18T22:12:23.446Z,0206a7ac-e9f1-44bc-9513-d4736b6baace,LINKEDIN,unread_filter,locator_count,.msg-conversation-card__unread-count .notification-badge__count,,ok,7,{},settle_unread_badge_count
2026-02-18T22:12:23.456Z,0206a7ac-e9f1-44bc-9513-d4736b6baace,LINKEDIN,unread_filter,locator_count,".artdeco-loader, .artdeco-spinner, .msg-conversations-container__conversations-list-loader, .msg-conversations-container__loading, [aria-label*='Loading']",,ok,10,{},settle_spinner_count
2026-02-18T22:12:23.617Z,0206a7ac-e9f1-44bc-9513-d4736b6baace,LINKEDIN,unread_filter,wait_for_timeout,,,ok,150,{},settle_poll_wait
2026-02-18T22:12:23.625Z,0206a7ac-e9f1-44bc-9513-d4736b6baace,LINKEDIN,unread_filter,locator_count,li.msg-conversation-listitem .msg-conversation-listitem__link,,ok,8,{},settle_thread_count
2026-02-18T22:12:23.631Z,0206a7ac-e9f1-44bc-9513-d4736b6baace,LINKEDIN,unread_filter,locator_count,.msg-conversation-card__unread-count .notification-badge__count,,ok,6,{},settle_unread_badge_count
2026-02-18T22:12:23.640Z,0206a7ac-e9f1-44bc-9513-d4736b6baace,LINKEDIN,unread_filter,locator_count,".artdeco-loader, .artdeco-spinner, .msg-conversations-container__conversations-list-loader, .msg-conversations-container__loading, [aria-label*='Loading']",,ok,9,{},settle_spinner_count
2026-02-18T22:12:23.794Z,0206a7ac-e9f1-44bc-9513-d4736b6baace,LINKEDIN,unread_filter,wait_for_timeout,,,ok,147,{},settle_poll_wait
2026-02-18T22:12:23.801Z,0206a7ac-e9f1-44bc-9513-d4736b6baace,LINKEDIN,unread_filter,locator_count,li.msg-conversation-listitem .msg-conversation-listitem__link,,ok,7,{},settle_thread_count
2026-02-18T22:12:23.809Z,0206a7ac-e9f1-44bc-9513-d4736b6baace,LINKEDIN,unread_filter,locator_count,.msg-conversation-card__unread-count .notification-badge__count,,ok,8,{},settle_unread_badge_count
2026-02-18T22:12:23.816Z,0206a7ac-e9f1-44bc-9513-d4736b6baace,LINKEDIN,unread_filter,locator_count,".artdeco-loader, .artdeco-spinner, .msg-conversations-container__conversations-list-loader, .msg-conversations-container__loading, [aria-label*='Loading']",,ok,7,{},settle_spinner_count
2026-02-18T22:12:23.975Z,0206a7ac-e9f1-44bc-9513-d4736b6baace,LINKEDIN,unread_filter,wait_for_timeout,,,ok,152,{},settle_poll_wait
2026-02-18T22:12:23.984Z,0206a7ac-e9f1-44bc-9513-d4736b6baace,LINKEDIN,unread_filter,locator_count,li.msg-conversation-listitem .msg-conversation-listitem__link,,ok,9,{},settle_thread_count
2026-02-18T22:12:23.994Z,0206a7ac-e9f1-44bc-9513-d4736b6baace,LINKEDIN,unread_filter,locator_count,.msg-conversation-card__unread-count .notification-badge__count,,ok,10,{},settle_unread_badge_count
2026-02-18T22:12:24.006Z,0206a7ac-e9f1-44bc-9513-d4736b6baace,LINKEDIN,unread_filter,locator_count,".artdeco-loader, .artdeco-spinner, .msg-conversations-container__conversations-list-loader, .msg-conversations-container__loading, [aria-label*='Loading']",,ok,12,{},settle_spinner_count
2026-02-18T22:12:24.220Z,0206a7ac-e9f1-44bc-9513-d4736b6baace,LINKEDIN,unread_filter,wait_for_timeout,,,ok,208,{},settle_poll_wait
2026-02-18T22:12:24.229Z,0206a7ac-e9f1-44bc-9513-d4736b6baace,LINKEDIN,unread_filter,locator_count,li.msg-conversation-listitem .msg-conversation-listitem__link,,ok,8,{},settle_thread_count
2026-02-18T22:12:24.236Z,0206a7ac-e9f1-44bc-9513-d4736b6baace,LINKEDIN,unread_filter,locator_count,.msg-conversation-card__unread-count .notification-badge__count,,ok,6,{},settle_unread_badge_count
2026-02-18T22:12:24.246Z,0206a7ac-e9f1-44bc-9513-d4736b6baace,LINKEDIN,unread_filter,locator_count,".artdeco-loader, .artdeco-spinner, .msg-conversations-container__conversations-list-loader, .msg-conversations-container__loading, [aria-label*='Loading']",,ok,9,{},settle_spinner_count
2026-02-18T22:12:24.284Z,0206a7ac-e9f1-44bc-9513-d4736b6baace,LINKEDIN,collect_threads,locator_count,li.msg-conversation-listitem .msg-conversation-listitem__link,,ok,8,{},read_thread_item_count
2026-02-18T22:12:27.987Z,0206a7ac-e9f1-44bc-9513-d4736b6baace,LINKEDIN,collect_threads,scroll_into_view,,,ok,22,{},row_tail_scroll
2026-02-18T22:12:28.166Z,0206a7ac-e9f1-44bc-9513-d4736b6baace,LINKEDIN,collect_threads,scroll_container,ul.msg-conversations-container__conversations-list,,ok,179,{},primary_scroll
2026-02-18T22:12:28.882Z,0206a7ac-e9f1-44bc-9513-d4736b6baace,LINKEDIN,collect_threads,wait_for_timeout,,,ok,715,{},after_primary_scroll
2026-02-18T22:12:34.278Z,0206a7ac-e9f1-44bc-9513-d4736b6baace,LINKEDIN,collect_threads,scroll_container,ul.msg-conversations-container__conversations-list,,ok,41,{},secondary_scroll
2026-02-18T22:12:35.063Z,0206a7ac-e9f1-44bc-9513-d4736b6baace,LINKEDIN,collect_threads,wait_for_timeout,,,ok,785,{},after_secondary_scroll
2026-02-18T22:12:47.408Z,0206a7ac-e9f1-44bc-9513-d4736b6baace,LINKEDIN,collect_threads,wait_for_timeout,,,ok,726,{},post_scroll_wait
2026-02-18T22:12:58.303Z,0206a7ac-e9f1-44bc-9513-d4736b6baace,LINKEDIN,collect_threads,scroll_into_view,,,ok,42,{},row_tail_scroll
2026-02-18T22:12:58.552Z,0206a7ac-e9f1-44bc-9513-d4736b6baace,LINKEDIN,collect_threads,scroll_container,ul.msg-conversations-container__conversations-list,,ok,248,{},primary_scroll
2026-02-18T22:12:59.274Z,0206a7ac-e9f1-44bc-9513-d4736b6baace,LINKEDIN,collect_threads,wait_for_timeout,,,ok,721,{},after_primary_scroll
2026-02-18T22:13:12.410Z,0206a7ac-e9f1-44bc-9513-d4736b6baace,LINKEDIN,collect_threads,scroll_container,ul.msg-conversations-container__conversations-list,,ok,32,{},secondary_scroll
2026-02-18T22:13:13.149Z,0206a7ac-e9f1-44bc-9513-d4736b6baace,LINKEDIN,collect_threads,wait_for_timeout,,,ok,738,{},after_secondary_scroll
2026-02-18T22:13:36.540Z,0206a7ac-e9f1-44bc-9513-d4736b6baace,LINKEDIN,collect_threads,wait_for_timeout,,,ok,729,{},post_scroll_wait
2026-02-18T22:13:38.469Z,0206a7ac-e9f1-44bc-9513-d4736b6baace,LINKEDIN,collect_threads,scan_unread_threads,,,ok,,"{""unreadCandidatesCount"":19}",
2026-02-18T22:13:38.936Z,0206a7ac-e9f1-44bc-9513-d4736b6baace,LINKEDIN,navigate,goto,,https://www.linkedin.com/messaging/,ok,438,{},navigate_inbox
2026-02-18T22:13:39.561Z,0206a7ac-e9f1-44bc-9513-d4736b6baace,LINKEDIN,navigate,wait_for_domcontentloaded,,,ok,624,{},post_goto_domcontentloaded
2026-02-18T22:13:39.913Z,0206a7ac-e9f1-44bc-9513-d4736b6baace,LINKEDIN,navigate,wait_for_timeout,,,ok,351,{},post_navigation_settle
2026-02-18T22:13:42.091Z,0206a7ac-e9f1-44bc-9513-d4736b6baace,LINKEDIN,collect_threads,wait_for_visible,ul.msg-conversations-container__conversations-list,,ok,2154,{},wait_recent_thread_list
2026-02-18T22:13:42.315Z,0206a7ac-e9f1-44bc-9513-d4736b6baace,LINKEDIN,collect_threads,locator_count,li.msg-conversation-listitem .msg-conversation-listitem__link,,ok,2,{},read_thread_item_count
2026-02-18T22:13:43.204Z,0206a7ac-e9f1-44bc-9513-d4736b6baace,LINKEDIN,collect_threads,scroll_into_view,,,ok,9,{},row_tail_scroll
2026-02-18T22:13:43.246Z,0206a7ac-e9f1-44bc-9513-d4736b6baace,LINKEDIN,collect_threads,scroll_container,ul.msg-conversations-container__conversations-list,,ok,42,{},primary_scroll
2026-02-18T22:13:43.948Z,0206a7ac-e9f1-44bc-9513-d4736b6baace,LINKEDIN,collect_threads,wait_for_timeout,,,ok,702,{},after_primary_scroll
2026-02-18T22:13:45.090Z,0206a7ac-e9f1-44bc-9513-d4736b6baace,LINKEDIN,collect_threads,wait_for_timeout,,,ok,701,{},post_scroll_wait
2026-02-18T22:13:45.954Z,0206a7ac-e9f1-44bc-9513-d4736b6baace,LINKEDIN,collect_threads,scroll_into_view,,,ok,6,{},row_tail_scroll
2026-02-18T22:13:46.003Z,0206a7ac-e9f1-44bc-9513-d4736b6baace,LINKEDIN,collect_threads,scroll_container,ul.msg-conversations-container__conversations-list,,ok,49,{},primary_scroll
2026-02-18T22:13:46.710Z,0206a7ac-e9f1-44bc-9513-d4736b6baace,LINKEDIN,collect_threads,wait_for_timeout,,,ok,703,{},after_primary_scroll
2026-02-18T22:13:47.636Z,0206a7ac-e9f1-44bc-9513-d4736b6baace,LINKEDIN,collect_threads,scroll_container,ul.msg-conversations-container__conversations-list,,ok,23,{},secondary_scroll
2026-02-18T22:13:48.338Z,0206a7ac-e9f1-44bc-9513-d4736b6baace,LINKEDIN,collect_threads,wait_for_timeout,,,ok,701,{},after_secondary_scroll
2026-02-18T22:13:50.424Z,0206a7ac-e9f1-44bc-9513-d4736b6baace,LINKEDIN,collect_threads,wait_for_timeout,,,ok,702,{},post_scroll_wait
2026-02-18T22:13:51.871Z,0206a7ac-e9f1-44bc-9513-d4736b6baace,LINKEDIN,collect_threads,scroll_into_view,,,ok,20,{},row_tail_scroll
2026-02-18T22:13:51.946Z,0206a7ac-e9f1-44bc-9513-d4736b6baace,LINKEDIN,collect_threads,scroll_container,ul.msg-conversations-container__conversations-list,,ok,74,{},primary_scroll
2026-02-18T22:13:52.650Z,0206a7ac-e9f1-44bc-9513-d4736b6baace,LINKEDIN,collect_threads,wait_for_timeout,,,ok,703,{},after_primary_scroll
2026-02-18T22:13:55.308Z,0206a7ac-e9f1-44bc-9513-d4736b6baace,LINKEDIN,collect_threads,wait_for_timeout,,,ok,701,{},post_scroll_wait
2026-02-18T22:13:57.388Z,0206a7ac-e9f1-44bc-9513-d4736b6baace,LINKEDIN,collect_threads,scroll_into_view,,,ok,30,{},row_tail_scroll
2026-02-18T22:13:57.463Z,0206a7ac-e9f1-44bc-9513-d4736b6baace,LINKEDIN,collect_threads,scroll_container,ul.msg-conversations-container__conversations-list,,ok,75,{},primary_scroll
2026-02-18T22:13:58.167Z,0206a7ac-e9f1-44bc-9513-d4736b6baace,LINKEDIN,collect_threads,wait_for_timeout,,,ok,702,{},after_primary_scroll
2026-02-18T22:14:00.186Z,0206a7ac-e9f1-44bc-9513-d4736b6baace,LINKEDIN,collect_threads,scroll_container,ul.msg-conversations-container__conversations-list,,ok,24,{},secondary_scroll
2026-02-18T22:14:00.890Z,0206a7ac-e9f1-44bc-9513-d4736b6baace,LINKEDIN,collect_threads,wait_for_timeout,,,ok,703,{},after_secondary_scroll
2026-02-18T22:14:02.916Z,0206a7ac-e9f1-44bc-9513-d4736b6baace,LINKEDIN,collect_threads,scan_recent_threads,,,ok,,"{""recentCandidatesCount"":30}",
2026-02-18T22:14:02.917Z,0206a7ac-e9f1-44bc-9513-d4736b6baace,LINKEDIN,open_thread,thread_sync_start,,,ok,,"{""openedThreadsCount"":1}",Jessica Essien (linkedin-urn:ember351)
2026-02-18T22:14:02.937Z,0206a7ac-e9f1-44bc-9513-d4736b6baace,LINKEDIN,read_thread,thread_parse_start,,,ok,,{},Jessica Essien (linkedin-urn:ember351)
2026-02-18T22:14:03.437Z,0206a7ac-e9f1-44bc-9513-d4736b6baace,LINKEDIN,navigate,goto,,https://www.linkedin.com/messaging/,ok,478,{},navigate_inbox
2026-02-18T22:14:04.103Z,0206a7ac-e9f1-44bc-9513-d4736b6baace,LINKEDIN,navigate,wait_for_domcontentloaded,,,ok,666,{},post_goto_domcontentloaded
2026-02-18T22:14:04.456Z,0206a7ac-e9f1-44bc-9513-d4736b6baace,LINKEDIN,navigate,wait_for_timeout,,,ok,353,{},post_navigation_settle
2026-02-18T22:14:04.602Z,0206a7ac-e9f1-44bc-9513-d4736b6baace,LINKEDIN,failure_artifacts,screenshot,,,ok,122,{},failure_capture
2026-02-18T22:14:04.635Z,0206a7ac-e9f1-44bc-9513-d4736b6baace,LINKEDIN,failure_artifacts,dom_dump,,,ok,33,{},failure_capture
2026-02-18T22:14:05.203Z,0206a7ac-e9f1-44bc-9513-d4736b6baace,LINKEDIN,open_thread,thread_sync_start,,,ok,,"{""openedThreadsCount"":2}",MIRACLE OJIEH (linkedin-urn:ember360)
2026-02-18T22:14:05.209Z,0206a7ac-e9f1-44bc-9513-d4736b6baace,LINKEDIN,read_thread,thread_parse_start,,,ok,,{},MIRACLE OJIEH (linkedin-urn:ember360)
2026-02-18T22:14:06.248Z,0206a7ac-e9f1-44bc-9513-d4736b6baace,LINKEDIN,navigate,goto,,https://www.linkedin.com/messaging/,ok,1023,{},navigate_inbox
2026-02-18T22:14:06.856Z,0206a7ac-e9f1-44bc-9513-d4736b6baace,LINKEDIN,navigate,wait_for_domcontentloaded,,,ok,607,{},post_goto_domcontentloaded
2026-02-18T22:14:07.209Z,0206a7ac-e9f1-44bc-9513-d4736b6baace,LINKEDIN,navigate,wait_for_timeout,,,ok,352,{},post_navigation_settle
2026-02-18T22:14:07.315Z,0206a7ac-e9f1-44bc-9513-d4736b6baace,LINKEDIN,failure_artifacts,screenshot,,,ok,85,{},failure_capture
2026-02-18T22:14:07.348Z,0206a7ac-e9f1-44bc-9513-d4736b6baace,LINKEDIN,failure_artifacts,dom_dump,,,ok,33,{},failure_capture
2026-02-18T22:14:08.171Z,0206a7ac-e9f1-44bc-9513-d4736b6baace,LINKEDIN,open_thread,thread_sync_start,,,ok,,"{""openedThreadsCount"":3}",Sarah Nwisi (linkedin-urn:ember369)
2026-02-18T22:14:08.174Z,0206a7ac-e9f1-44bc-9513-d4736b6baace,LINKEDIN,read_thread,thread_parse_start,,,ok,,{},Sarah Nwisi (linkedin-urn:ember369)
2026-02-18T22:14:09.231Z,0206a7ac-e9f1-44bc-9513-d4736b6baace,LINKEDIN,navigate,goto,,https://www.linkedin.com/messaging/,ok,1053,{},navigate_inbox
2026-02-18T22:14:09.912Z,0206a7ac-e9f1-44bc-9513-d4736b6baace,LINKEDIN,navigate,wait_for_domcontentloaded,,,ok,681,{},post_goto_domcontentloaded
2026-02-18T22:14:10.263Z,0206a7ac-e9f1-44bc-9513-d4736b6baace,LINKEDIN,navigate,wait_for_timeout,,,ok,351,{},post_navigation_settle
2026-02-18T22:14:10.365Z,0206a7ac-e9f1-44bc-9513-d4736b6baace,LINKEDIN,failure_artifacts,screenshot,,,ok,84,{},failure_capture
2026-02-18T22:14:10.397Z,0206a7ac-e9f1-44bc-9513-d4736b6baace,LINKEDIN,failure_artifacts,dom_dump,,,ok,31,{},failure_capture
2026-02-18T22:14:11.148Z,0206a7ac-e9f1-44bc-9513-d4736b6baace,LINKEDIN,open_thread,thread_sync_start,,,ok,,"{""openedThreadsCount"":4}",Eliyas Assefaw (linkedin-urn:ember377)
2026-02-18T22:14:11.177Z,0206a7ac-e9f1-44bc-9513-d4736b6baace,LINKEDIN,read_thread,thread_parse_start,,,ok,,{},Eliyas Assefaw (linkedin-urn:ember377)
2026-02-18T22:14:13.041Z,0206a7ac-e9f1-44bc-9513-d4736b6baace,LINKEDIN,navigate,goto,,https://www.linkedin.com/messaging/,ok,1799,{},navigate_inbox
2026-02-18T22:14:13.910Z,0206a7ac-e9f1-44bc-9513-d4736b6baace,LINKEDIN,navigate,wait_for_domcontentloaded,,,ok,868,{},post_goto_domcontentloaded
2026-02-18T22:14:14.277Z,0206a7ac-e9f1-44bc-9513-d4736b6baace,LINKEDIN,navigate,wait_for_timeout,,,ok,366,{},post_navigation_settle
2026-02-18T22:14:14.416Z,0206a7ac-e9f1-44bc-9513-d4736b6baace,LINKEDIN,failure_artifacts,screenshot,,,ok,105,{},failure_capture
2026-02-18T22:14:14.446Z,0206a7ac-e9f1-44bc-9513-d4736b6baace,LINKEDIN,failure_artifacts,dom_dump,,,ok,29,{},failure_capture
2026-02-18T22:14:15.091Z,0206a7ac-e9f1-44bc-9513-d4736b6baace,LINKEDIN,open_thread,thread_sync_start,,,ok,,"{""openedThreadsCount"":5}",Volker Sommer (linkedin-urn:ember386)
2026-02-18T22:14:15.097Z,0206a7ac-e9f1-44bc-9513-d4736b6baace,LINKEDIN,read_thread,thread_parse_start,,,ok,,{},Volker Sommer (linkedin-urn:ember386)
2026-02-18T22:14:16.253Z,0206a7ac-e9f1-44bc-9513-d4736b6baace,LINKEDIN,navigate,goto,,https://www.linkedin.com/messaging/,ok,1132,{},navigate_inbox
2026-02-18T22:14:17.124Z,0206a7ac-e9f1-44bc-9513-d4736b6baace,LINKEDIN,navigate,wait_for_domcontentloaded,,,ok,869,{},post_goto_domcontentloaded
2026-02-18T22:14:17.476Z,0206a7ac-e9f1-44bc-9513-d4736b6baace,LINKEDIN,navigate,wait_for_timeout,,,ok,352,{},post_navigation_settle
2026-02-18T22:14:17.580Z,0206a7ac-e9f1-44bc-9513-d4736b6baace,LINKEDIN,failure_artifacts,screenshot,,,ok,84,{},failure_capture
2026-02-18T22:14:17.612Z,0206a7ac-e9f1-44bc-9513-d4736b6baace,LINKEDIN,failure_artifacts,dom_dump,,,ok,32,{},failure_capture
2026-02-18T22:14:18.419Z,0206a7ac-e9f1-44bc-9513-d4736b6baace,LINKEDIN,open_thread,thread_sync_start,,,ok,,"{""openedThreadsCount"":6}",Stephanie Gillies (linkedin-urn:ember397)
2026-02-18T22:14:18.425Z,0206a7ac-e9f1-44bc-9513-d4736b6baace,LINKEDIN,read_thread,thread_parse_start,,,ok,,{},Stephanie Gillies (linkedin-urn:ember397)
2026-02-18T22:14:19.617Z,0206a7ac-e9f1-44bc-9513-d4736b6baace,LINKEDIN,navigate,goto,,https://www.linkedin.com/messaging/,ok,1187,{},navigate_inbox
2026-02-18T22:14:20.457Z,0206a7ac-e9f1-44bc-9513-d4736b6baace,LINKEDIN,navigate,wait_for_domcontentloaded,,,ok,834,{},post_goto_domcontentloaded
2026-02-18T22:14:20.811Z,0206a7ac-e9f1-44bc-9513-d4736b6baace,LINKEDIN,navigate,wait_for_timeout,,,ok,353,{},post_navigation_settle
2026-02-18T22:14:20.933Z,0206a7ac-e9f1-44bc-9513-d4736b6baace,LINKEDIN,failure_artifacts,screenshot,,,ok,109,{},failure_capture
2026-02-18T22:14:20.968Z,0206a7ac-e9f1-44bc-9513-d4736b6baace,LINKEDIN,failure_artifacts,dom_dump,,,ok,35,{},failure_capture
2026-02-18T22:14:21.956Z,0206a7ac-e9f1-44bc-9513-d4736b6baace,LINKEDIN,open_thread,thread_sync_start,,,ok,,"{""openedThreadsCount"":7}",Bupa Business UK (linkedin-urn:ember408)
2026-02-18T22:14:21.964Z,0206a7ac-e9f1-44bc-9513-d4736b6baace,LINKEDIN,read_thread,thread_parse_start,,,ok,,{},Bupa Business UK (linkedin-urn:ember408)
2026-02-18T22:14:23.227Z,0206a7ac-e9f1-44bc-9513-d4736b6baace,LINKEDIN,navigate,goto,,https://www.linkedin.com/messaging/,ok,1234,{},navigate_inbox
2026-02-18T22:14:24.038Z,0206a7ac-e9f1-44bc-9513-d4736b6baace,LINKEDIN,navigate,wait_for_domcontentloaded,,,ok,810,{},post_goto_domcontentloaded
2026-02-18T22:14:24.399Z,0206a7ac-e9f1-44bc-9513-d4736b6baace,LINKEDIN,navigate,wait_for_timeout,,,ok,356,{},post_navigation_settle
2026-02-18T22:14:24.513Z,0206a7ac-e9f1-44bc-9513-d4736b6baace,LINKEDIN,failure_artifacts,screenshot,,,ok,89,{},failure_capture
2026-02-18T22:14:24.549Z,0206a7ac-e9f1-44bc-9513-d4736b6baace,LINKEDIN,failure_artifacts,dom_dump,,,ok,36,{},failure_capture
2026-02-18T22:14:25.005Z,0206a7ac-e9f1-44bc-9513-d4736b6baace,LINKEDIN,open_thread,thread_sync_start,,,ok,,"{""openedThreadsCount"":8}",José Manuel Félix Serôdio (linkedin-urn:ember416)
2026-02-18T22:14:25.011Z,0206a7ac-e9f1-44bc-9513-d4736b6baace,LINKEDIN,read_thread,thread_parse_start,,,ok,,{},José Manuel Félix Serôdio (linkedin-urn:ember416)
2026-02-18T22:14:26.185Z,0206a7ac-e9f1-44bc-9513-d4736b6baace,LINKEDIN,navigate,goto,,https://www.linkedin.com/messaging/,ok,1166,{},navigate_inbox
2026-02-18T22:14:27.183Z,0206a7ac-e9f1-44bc-9513-d4736b6baace,LINKEDIN,navigate,wait_for_domcontentloaded,,,ok,997,{},post_goto_domcontentloaded
2026-02-18T22:14:27.542Z,0206a7ac-e9f1-44bc-9513-d4736b6baace,LINKEDIN,navigate,wait_for_timeout,,,ok,357,{},post_navigation_settle
2026-02-18T22:14:27.666Z,0206a7ac-e9f1-44bc-9513-d4736b6baace,LINKEDIN,failure_artifacts,screenshot,,,ok,103,{},failure_capture
2026-02-18T22:14:27.699Z,0206a7ac-e9f1-44bc-9513-d4736b6baace,LINKEDIN,failure_artifacts,dom_dump,,,ok,32,{},failure_capture
2026-02-18T22:14:28.156Z,0206a7ac-e9f1-44bc-9513-d4736b6baace,LINKEDIN,open_thread,thread_sync_start,,,ok,,"{""openedThreadsCount"":9}",Salesforce (linkedin-urn:ember425)
2026-02-18T22:14:28.160Z,0206a7ac-e9f1-44bc-9513-d4736b6baace,LINKEDIN,read_thread,thread_parse_start,,,ok,,{},Salesforce (linkedin-urn:ember425)
2026-02-18T22:14:29.339Z,0206a7ac-e9f1-44bc-9513-d4736b6baace,LINKEDIN,navigate,goto,,https://www.linkedin.com/messaging/,ok,1170,{},navigate_inbox
2026-02-18T22:14:30.396Z,0206a7ac-e9f1-44bc-9513-d4736b6baace,LINKEDIN,navigate,wait_for_domcontentloaded,,,ok,1055,{},post_goto_domcontentloaded
2026-02-18T22:14:30.750Z,0206a7ac-e9f1-44bc-9513-d4736b6baace,LINKEDIN,navigate,wait_for_timeout,,,ok,353,{},post_navigation_settle
2026-02-18T22:14:30.868Z,0206a7ac-e9f1-44bc-9513-d4736b6baace,LINKEDIN,failure_artifacts,screenshot,,,ok,101,{},failure_capture
2026-02-18T22:14:30.902Z,0206a7ac-e9f1-44bc-9513-d4736b6baace,LINKEDIN,failure_artifacts,dom_dump,,,ok,34,{},failure_capture
2026-02-18T22:14:31.613Z,0206a7ac-e9f1-44bc-9513-d4736b6baace,LINKEDIN,open_thread,thread_sync_start,,,ok,,"{""openedThreadsCount"":10}",Lola Peattie (linkedin-urn:ember433)
2026-02-18T22:14:31.617Z,0206a7ac-e9f1-44bc-9513-d4736b6baace,LINKEDIN,read_thread,thread_parse_start,,,ok,,{},Lola Peattie (linkedin-urn:ember433)
2026-02-18T22:14:32.589Z,0206a7ac-e9f1-44bc-9513-d4736b6baace,LINKEDIN,navigate,goto,,https://www.linkedin.com/messaging/,ok,968,{},navigate_inbox
2026-02-18T22:14:33.497Z,0206a7ac-e9f1-44bc-9513-d4736b6baace,LINKEDIN,navigate,wait_for_domcontentloaded,,,ok,907,{},post_goto_domcontentloaded
2026-02-18T22:14:33.851Z,0206a7ac-e9f1-44bc-9513-d4736b6baace,LINKEDIN,navigate,wait_for_timeout,,,ok,353,{},post_navigation_settle
2026-02-18T22:14:33.952Z,0206a7ac-e9f1-44bc-9513-d4736b6baace,LINKEDIN,failure_artifacts,screenshot,,,ok,86,{},failure_capture
2026-02-18T22:14:33.990Z,0206a7ac-e9f1-44bc-9513-d4736b6baace,LINKEDIN,failure_artifacts,dom_dump,,,ok,37,{},failure_capture
2026-02-18T22:14:34.830Z,0206a7ac-e9f1-44bc-9513-d4736b6baace,LINKEDIN,open_thread,thread_sync_start,,,ok,,"{""openedThreadsCount"":11}",Ben Watson (linkedin-urn:ember512)
2026-02-18T22:14:34.834Z,0206a7ac-e9f1-44bc-9513-d4736b6baace,LINKEDIN,read_thread,thread_parse_start,,,ok,,{},Ben Watson (linkedin-urn:ember512)
2026-02-18T22:14:35.987Z,0206a7ac-e9f1-44bc-9513-d4736b6baace,LINKEDIN,navigate,goto,,https://www.linkedin.com/messaging/,ok,1146,{},navigate_inbox
2026-02-18T22:14:36.985Z,0206a7ac-e9f1-44bc-9513-d4736b6baace,LINKEDIN,navigate,wait_for_domcontentloaded,,,ok,996,{},post_goto_domcontentloaded
2026-02-18T22:14:37.342Z,0206a7ac-e9f1-44bc-9513-d4736b6baace,LINKEDIN,navigate,wait_for_timeout,,,ok,356,{},post_navigation_settle
2026-02-18T22:14:37.451Z,0206a7ac-e9f1-44bc-9513-d4736b6baace,LINKEDIN,failure_artifacts,screenshot,,,ok,89,{},failure_capture
2026-02-18T22:14:37.491Z,0206a7ac-e9f1-44bc-9513-d4736b6baace,LINKEDIN,failure_artifacts,dom_dump,,,ok,40,{},failure_capture
2026-02-18T22:14:37.926Z,0206a7ac-e9f1-44bc-9513-d4736b6baace,LINKEDIN,open_thread,thread_sync_start,,,ok,,"{""openedThreadsCount"":12}",Jack Ramsay (linkedin-urn:ember514)
2026-02-18T22:14:37.932Z,0206a7ac-e9f1-44bc-9513-d4736b6baace,LINKEDIN,read_thread,thread_parse_start,,,ok,,{},Jack Ramsay (linkedin-urn:ember514)
2026-02-18T22:14:38.327Z,0206a7ac-e9f1-44bc-9513-d4736b6baace,LINKEDIN,navigate,goto,,https://www.linkedin.com/messaging/,ok,388,{},navigate_inbox
2026-02-18T22:14:39.159Z,0206a7ac-e9f1-44bc-9513-d4736b6baace,LINKEDIN,navigate,wait_for_domcontentloaded,,,ok,832,{},post_goto_domcontentloaded
2026-02-18T22:14:39.512Z,0206a7ac-e9f1-44bc-9513-d4736b6baace,LINKEDIN,navigate,wait_for_timeout,,,ok,352,{},post_navigation_settle
2026-02-18T22:14:39.635Z,0206a7ac-e9f1-44bc-9513-d4736b6baace,LINKEDIN,failure_artifacts,screenshot,,,ok,100,{},failure_capture
2026-02-18T22:14:39.666Z,0206a7ac-e9f1-44bc-9513-d4736b6baace,LINKEDIN,failure_artifacts,dom_dump,,,ok,31,{},failure_capture
2026-02-18T22:14:40.616Z,0206a7ac-e9f1-44bc-9513-d4736b6baace,LINKEDIN,open_thread,thread_sync_start,,,ok,,"{""openedThreadsCount"":13}",Janakan Arulkumarasan (linkedin-urn:ember515)
2026-02-18T22:14:40.621Z,0206a7ac-e9f1-44bc-9513-d4736b6baace,LINKEDIN,read_thread,thread_parse_start,,,ok,,{},Janakan Arulkumarasan (linkedin-urn:ember515)
2026-02-18T22:14:41.560Z,0206a7ac-e9f1-44bc-9513-d4736b6baace,LINKEDIN,navigate,goto,,https://www.linkedin.com/messaging/,ok,934,{},navigate_inbox
2026-02-18T22:14:42.683Z,0206a7ac-e9f1-44bc-9513-d4736b6baace,LINKEDIN,navigate,wait_for_domcontentloaded,,,ok,1122,{},post_goto_domcontentloaded
2026-02-18T22:14:43.036Z,0206a7ac-e9f1-44bc-9513-d4736b6baace,LINKEDIN,navigate,wait_for_timeout,,,ok,352,{},post_navigation_settle
2026-02-18T22:14:43.145Z,0206a7ac-e9f1-44bc-9513-d4736b6baace,LINKEDIN,failure_artifacts,screenshot,,,ok,89,{},failure_capture
2026-02-18T22:14:43.179Z,0206a7ac-e9f1-44bc-9513-d4736b6baace,LINKEDIN,failure_artifacts,dom_dump,,,ok,34,{},failure_capture
2026-02-18T22:14:43.648Z,0206a7ac-e9f1-44bc-9513-d4736b6baace,LINKEDIN,open_thread,thread_sync_start,,,ok,,"{""openedThreadsCount"":14}",LinkedIn for Sales (linkedin-urn:ember516)
2026-02-18T22:14:43.652Z,0206a7ac-e9f1-44bc-9513-d4736b6baace,LINKEDIN,read_thread,thread_parse_start,,,ok,,{},LinkedIn for Sales (linkedin-urn:ember516)
2026-02-18T22:14:44.145Z,0206a7ac-e9f1-44bc-9513-d4736b6baace,LINKEDIN,navigate,goto,,https://www.linkedin.com/messaging/,ok,486,{},navigate_inbox
2026-02-18T22:14:44.939Z,0206a7ac-e9f1-44bc-9513-d4736b6baace,LINKEDIN,navigate,wait_for_domcontentloaded,,,ok,794,{},post_goto_domcontentloaded
2026-02-18T22:14:45.294Z,0206a7ac-e9f1-44bc-9513-d4736b6baace,LINKEDIN,navigate,wait_for_timeout,,,ok,354,{},post_navigation_settle
2026-02-18T22:14:45.479Z,0206a7ac-e9f1-44bc-9513-d4736b6baace,LINKEDIN,failure_artifacts,screenshot,,,ok,92,{},failure_capture
2026-02-18T22:14:45.512Z,0206a7ac-e9f1-44bc-9513-d4736b6baace,LINKEDIN,failure_artifacts,dom_dump,,,ok,33,{},failure_capture
2026-02-18T22:14:46.116Z,0206a7ac-e9f1-44bc-9513-d4736b6baace,LINKEDIN,open_thread,thread_sync_start,,,ok,,"{""openedThreadsCount"":15}",PagerDuty (linkedin-urn:ember517)
2026-02-18T22:14:46.120Z,0206a7ac-e9f1-44bc-9513-d4736b6baace,LINKEDIN,read_thread,thread_parse_start,,,ok,,{},PagerDuty (linkedin-urn:ember517)
2026-02-18T22:14:47.137Z,0206a7ac-e9f1-44bc-9513-d4736b6baace,LINKEDIN,navigate,goto,,https://www.linkedin.com/messaging/,ok,1010,{},navigate_inbox
2026-02-18T22:14:48.029Z,0206a7ac-e9f1-44bc-9513-d4736b6baace,LINKEDIN,navigate,wait_for_domcontentloaded,,,ok,891,{},post_goto_domcontentloaded
2026-02-18T22:14:48.381Z,0206a7ac-e9f1-44bc-9513-d4736b6baace,LINKEDIN,navigate,wait_for_timeout,,,ok,351,{},post_navigation_settle
2026-02-18T22:14:48.506Z,0206a7ac-e9f1-44bc-9513-d4736b6baace,LINKEDIN,failure_artifacts,screenshot,,,ok,100,{},failure_capture
2026-02-18T22:14:48.537Z,0206a7ac-e9f1-44bc-9513-d4736b6baace,LINKEDIN,failure_artifacts,dom_dump,,,ok,31,{},failure_capture
2026-02-18T22:14:48.922Z,0206a7ac-e9f1-44bc-9513-d4736b6baace,LINKEDIN,open_thread,thread_sync_start,,,ok,,"{""openedThreadsCount"":16}",Amani Williams (linkedin-urn:ember518)
2026-02-18T22:14:48.926Z,0206a7ac-e9f1-44bc-9513-d4736b6baace,LINKEDIN,read_thread,thread_parse_start,,,ok,,{},Amani Williams (linkedin-urn:ember518)
2026-02-18T22:14:49.341Z,0206a7ac-e9f1-44bc-9513-d4736b6baace,LINKEDIN,navigate,goto,,https://www.linkedin.com/messaging/,ok,407,{},navigate_inbox
2026-02-18T22:14:50.204Z,0206a7ac-e9f1-44bc-9513-d4736b6baace,LINKEDIN,navigate,wait_for_domcontentloaded,,,ok,863,{},post_goto_domcontentloaded
2026-02-18T22:14:50.560Z,0206a7ac-e9f1-44bc-9513-d4736b6baace,LINKEDIN,navigate,wait_for_timeout,,,ok,355,{},post_navigation_settle
2026-02-18T22:14:50.669Z,0206a7ac-e9f1-44bc-9513-d4736b6baace,LINKEDIN,failure_artifacts,screenshot,,,ok,88,{},failure_capture
2026-02-18T22:14:50.703Z,0206a7ac-e9f1-44bc-9513-d4736b6baace,LINKEDIN,failure_artifacts,dom_dump,,,ok,33,{},failure_capture
2026-02-18T22:14:51.701Z,0206a7ac-e9f1-44bc-9513-d4736b6baace,LINKEDIN,open_thread,thread_sync_start,,,ok,,"{""openedThreadsCount"":17}",Lenovo (linkedin-urn:ember519)
2026-02-18T22:14:51.708Z,0206a7ac-e9f1-44bc-9513-d4736b6baace,LINKEDIN,read_thread,thread_parse_start,,,ok,,{},Lenovo (linkedin-urn:ember519)
2026-02-18T22:14:52.617Z,0206a7ac-e9f1-44bc-9513-d4736b6baace,LINKEDIN,navigate,goto,,https://www.linkedin.com/messaging/,ok,906,{},navigate_inbox
2026-02-18T22:14:53.665Z,0206a7ac-e9f1-44bc-9513-d4736b6baace,LINKEDIN,navigate,wait_for_domcontentloaded,,,ok,1048,{},post_goto_domcontentloaded
2026-02-18T22:14:54.020Z,0206a7ac-e9f1-44bc-9513-d4736b6baace,LINKEDIN,navigate,wait_for_timeout,,,ok,353,{},post_navigation_settle
2026-02-18T22:14:54.111Z,0206a7ac-e9f1-44bc-9513-d4736b6baace,LINKEDIN,failure_artifacts,screenshot,,,ok,78,{},failure_capture
2026-02-18T22:14:54.144Z,0206a7ac-e9f1-44bc-9513-d4736b6baace,LINKEDIN,failure_artifacts,dom_dump,,,ok,33,{},failure_capture
2026-02-18T22:14:54.615Z,0206a7ac-e9f1-44bc-9513-d4736b6baace,LINKEDIN,open_thread,thread_sync_start,,,ok,,"{""openedThreadsCount"":18}",Jemima Orakwue (linkedin-urn:ember520)
2026-02-18T22:14:54.625Z,0206a7ac-e9f1-44bc-9513-d4736b6baace,LINKEDIN,read_thread,thread_parse_start,,,ok,,{},Jemima Orakwue (linkedin-urn:ember520)
2026-02-18T22:14:55.822Z,0206a7ac-e9f1-44bc-9513-d4736b6baace,LINKEDIN,navigate,goto,,https://www.linkedin.com/messaging/,ok,1185,{},navigate_inbox
2026-02-18T22:14:56.714Z,0206a7ac-e9f1-44bc-9513-d4736b6baace,LINKEDIN,navigate,wait_for_domcontentloaded,,,ok,891,{},post_goto_domcontentloaded
2026-02-18T22:14:57.067Z,0206a7ac-e9f1-44bc-9513-d4736b6baace,LINKEDIN,navigate,wait_for_timeout,,,ok,353,{},post_navigation_settle
2026-02-18T22:14:57.185Z,0206a7ac-e9f1-44bc-9513-d4736b6baace,LINKEDIN,failure_artifacts,screenshot,,,ok,97,{},failure_capture
2026-02-18T22:14:57.216Z,0206a7ac-e9f1-44bc-9513-d4736b6baace,LINKEDIN,failure_artifacts,dom_dump,,,ok,31,{},failure_capture
2026-02-18T22:14:57.948Z,0206a7ac-e9f1-44bc-9513-d4736b6baace,LINKEDIN,open_thread,thread_sync_start,,,ok,,"{""openedThreadsCount"":19}",David Obembe (linkedin-urn:ember521)
2026-02-18T22:14:57.956Z,0206a7ac-e9f1-44bc-9513-d4736b6baace,LINKEDIN,read_thread,thread_parse_start,,,ok,,{},David Obembe (linkedin-urn:ember521)
2026-02-18T22:14:59.278Z,0206a7ac-e9f1-44bc-9513-d4736b6baace,LINKEDIN,navigate,goto,,https://www.linkedin.com/messaging/,ok,1313,{},navigate_inbox
2026-02-18T22:15:00.222Z,0206a7ac-e9f1-44bc-9513-d4736b6baace,LINKEDIN,navigate,wait_for_domcontentloaded,,,ok,943,{},post_goto_domcontentloaded
2026-02-18T22:15:00.577Z,0206a7ac-e9f1-44bc-9513-d4736b6baace,LINKEDIN,navigate,wait_for_timeout,,,ok,354,{},post_navigation_settle
2026-02-18T22:15:00.702Z,0206a7ac-e9f1-44bc-9513-d4736b6baace,LINKEDIN,failure_artifacts,screenshot,,,ok,97,{},failure_capture
2026-02-18T22:15:00.740Z,0206a7ac-e9f1-44bc-9513-d4736b6baace,LINKEDIN,failure_artifacts,dom_dump,,,ok,38,{},failure_capture
2026-02-18T22:15:01.727Z,0206a7ac-e9f1-44bc-9513-d4736b6baace,LINKEDIN,open_thread,thread_sync_start,,,ok,,"{""openedThreadsCount"":20}",Daniel Muratov (linkedin-urn:ember49)
2026-02-18T22:15:01.732Z,0206a7ac-e9f1-44bc-9513-d4736b6baace,LINKEDIN,read_thread,thread_parse_start,,,ok,,{},Daniel Muratov (linkedin-urn:ember49)
2026-02-18T22:15:02.899Z,0206a7ac-e9f1-44bc-9513-d4736b6baace,LINKEDIN,navigate,goto,,https://www.linkedin.com/messaging/,ok,1156,{},navigate_inbox
2026-02-18T22:15:03.712Z,0206a7ac-e9f1-44bc-9513-d4736b6baace,LINKEDIN,navigate,wait_for_domcontentloaded,,,ok,813,{},post_goto_domcontentloaded
2026-02-18T22:15:04.063Z,0206a7ac-e9f1-44bc-9513-d4736b6baace,LINKEDIN,navigate,wait_for_timeout,,,ok,351,{},post_navigation_settle
2026-02-18T22:15:04.162Z,0206a7ac-e9f1-44bc-9513-d4736b6baace,LINKEDIN,failure_artifacts,screenshot,,,ok,84,{},failure_capture
2026-02-18T22:15:04.195Z,0206a7ac-e9f1-44bc-9513-d4736b6baace,LINKEDIN,failure_artifacts,dom_dump,,,ok,33,{},failure_capture
2026-02-18T22:15:04.628Z,0206a7ac-e9f1-44bc-9513-d4736b6baace,LINKEDIN,open_thread,thread_sync_start,,,ok,,"{""openedThreadsCount"":21}",Dimetri West-Howard (linkedin-urn:ember57)
2026-02-18T22:15:04.635Z,0206a7ac-e9f1-44bc-9513-d4736b6baace,LINKEDIN,read_thread,thread_parse_start,,,ok,,{},Dimetri West-Howard (linkedin-urn:ember57)
2026-02-18T22:15:05.098Z,0206a7ac-e9f1-44bc-9513-d4736b6baace,LINKEDIN,navigate,goto,,https://www.linkedin.com/messaging/,ok,458,{},navigate_inbox
2026-02-18T22:15:06.004Z,0206a7ac-e9f1-44bc-9513-d4736b6baace,LINKEDIN,navigate,wait_for_domcontentloaded,,,ok,905,{},post_goto_domcontentloaded
2026-02-18T22:15:06.364Z,0206a7ac-e9f1-44bc-9513-d4736b6baace,LINKEDIN,navigate,wait_for_timeout,,,ok,358,{},post_navigation_settle
2026-02-18T22:15:06.554Z,0206a7ac-e9f1-44bc-9513-d4736b6baace,LINKEDIN,failure_artifacts,screenshot,,,ok,153,{},failure_capture
2026-02-18T22:15:06.586Z,0206a7ac-e9f1-44bc-9513-d4736b6baace,LINKEDIN,failure_artifacts,dom_dump,,,ok,32,{},failure_capture
2026-02-18T22:15:07.599Z,0206a7ac-e9f1-44bc-9513-d4736b6baace,LINKEDIN,open_thread,thread_sync_start,,,ok,,"{""openedThreadsCount"":22}",Rolanda Bleoue (linkedin-urn:ember65)
2026-02-18T22:15:07.640Z,0206a7ac-e9f1-44bc-9513-d4736b6baace,LINKEDIN,read_thread,thread_parse_start,,,ok,,{},Rolanda Bleoue (linkedin-urn:ember65)
2026-02-18T22:15:08.839Z,0206a7ac-e9f1-44bc-9513-d4736b6baace,LINKEDIN,navigate,goto,,https://www.linkedin.com/messaging/,ok,1182,{},navigate_inbox
2026-02-18T22:15:10.069Z,0206a7ac-e9f1-44bc-9513-d4736b6baace,LINKEDIN,navigate,wait_for_domcontentloaded,,,ok,1230,{},post_goto_domcontentloaded
2026-02-18T22:15:10.423Z,0206a7ac-e9f1-44bc-9513-d4736b6baace,LINKEDIN,navigate,wait_for_timeout,,,ok,353,{},post_navigation_settle
2026-02-18T22:15:10.547Z,0206a7ac-e9f1-44bc-9513-d4736b6baace,LINKEDIN,failure_artifacts,screenshot,,,ok,96,{},failure_capture
2026-02-18T22:15:10.576Z,0206a7ac-e9f1-44bc-9513-d4736b6baace,LINKEDIN,failure_artifacts,dom_dump,,,ok,29,{},failure_capture
2026-02-18T22:15:11.610Z,0206a7ac-e9f1-44bc-9513-d4736b6baace,LINKEDIN,open_thread,thread_sync_start,,,ok,,"{""openedThreadsCount"":23}",Lubosi Kongwa (linkedin-urn:ember73)
2026-02-18T22:15:11.615Z,0206a7ac-e9f1-44bc-9513-d4736b6baace,LINKEDIN,read_thread,thread_parse_start,,,ok,,{},Lubosi Kongwa (linkedin-urn:ember73)
2026-02-18T22:15:12.542Z,0206a7ac-e9f1-44bc-9513-d4736b6baace,LINKEDIN,navigate,goto,,https://www.linkedin.com/messaging/,ok,917,{},navigate_inbox
2026-02-18T22:15:13.447Z,0206a7ac-e9f1-44bc-9513-d4736b6baace,LINKEDIN,navigate,wait_for_domcontentloaded,,,ok,905,{},post_goto_domcontentloaded
2026-02-18T22:15:13.799Z,0206a7ac-e9f1-44bc-9513-d4736b6baace,LINKEDIN,navigate,wait_for_timeout,,,ok,352,{},post_navigation_settle
2026-02-18T22:15:13.915Z,0206a7ac-e9f1-44bc-9513-d4736b6baace,LINKEDIN,failure_artifacts,screenshot,,,ok,93,{},failure_capture
2026-02-18T22:15:13.948Z,0206a7ac-e9f1-44bc-9513-d4736b6baace,LINKEDIN,failure_artifacts,dom_dump,,,ok,32,{},failure_capture
2026-02-18T22:15:14.917Z,0206a7ac-e9f1-44bc-9513-d4736b6baace,LINKEDIN,open_thread,thread_sync_start,,,ok,,"{""openedThreadsCount"":24}",Elizabeth Whan (linkedin-urn:ember81)
2026-02-18T22:15:14.923Z,0206a7ac-e9f1-44bc-9513-d4736b6baace,LINKEDIN,read_thread,thread_parse_start,,,ok,,{},Elizabeth Whan (linkedin-urn:ember81)
2026-02-18T22:15:16.150Z,0206a7ac-e9f1-44bc-9513-d4736b6baace,LINKEDIN,navigate,goto,,https://www.linkedin.com/messaging/,ok,1209,{},navigate_inbox
2026-02-18T22:15:17.703Z,0206a7ac-e9f1-44bc-9513-d4736b6baace,LINKEDIN,navigate,wait_for_domcontentloaded,,,ok,1552,{},post_goto_domcontentloaded
2026-02-18T22:15:18.059Z,0206a7ac-e9f1-44bc-9513-d4736b6baace,LINKEDIN,navigate,wait_for_timeout,,,ok,354,{},post_navigation_settle
2026-02-18T22:15:18.168Z,0206a7ac-e9f1-44bc-9513-d4736b6baace,LINKEDIN,failure_artifacts,screenshot,,,ok,88,{},failure_capture
2026-02-18T22:15:18.201Z,0206a7ac-e9f1-44bc-9513-d4736b6baace,LINKEDIN,failure_artifacts,dom_dump,,,ok,33,{},failure_capture
2026-02-18T22:15:18.997Z,0206a7ac-e9f1-44bc-9513-d4736b6baace,LINKEDIN,open_thread,thread_sync_start,,,ok,,"{""openedThreadsCount"":25}",Laxmi P (linkedin-urn:ember89)
2026-02-18T22:15:19.000Z,0206a7ac-e9f1-44bc-9513-d4736b6baace,LINKEDIN,read_thread,thread_parse_start,,,ok,,{},Laxmi P (linkedin-urn:ember89)
2026-02-18T22:15:20.204Z,0206a7ac-e9f1-44bc-9513-d4736b6baace,LINKEDIN,navigate,goto,,https://www.linkedin.com/messaging/,ok,1178,{},navigate_inbox
2026-02-18T22:15:21.244Z,0206a7ac-e9f1-44bc-9513-d4736b6baace,LINKEDIN,navigate,wait_for_domcontentloaded,,,ok,1038,{},post_goto_domcontentloaded
2026-02-18T22:15:21.599Z,0206a7ac-e9f1-44bc-9513-d4736b6baace,LINKEDIN,navigate,wait_for_timeout,,,ok,353,{},post_navigation_settle
2026-02-18T22:15:21.723Z,0206a7ac-e9f1-44bc-9513-d4736b6baace,LINKEDIN,failure_artifacts,screenshot,,,ok,105,{},failure_capture
2026-02-18T22:15:21.757Z,0206a7ac-e9f1-44bc-9513-d4736b6baace,LINKEDIN,failure_artifacts,dom_dump,,,ok,34,{},failure_capture
2026-02-18T22:15:22.157Z,0206a7ac-e9f1-44bc-9513-d4736b6baace,LINKEDIN,open_thread,thread_sync_start,,,ok,,"{""openedThreadsCount"":26}",Nnenna Nwabuisi (linkedin-urn:ember97)
2026-02-18T22:15:22.163Z,0206a7ac-e9f1-44bc-9513-d4736b6baace,LINKEDIN,read_thread,thread_parse_start,,,ok,,{},Nnenna Nwabuisi (linkedin-urn:ember97)
2026-02-18T22:15:22.618Z,0206a7ac-e9f1-44bc-9513-d4736b6baace,LINKEDIN,navigate,goto,,https://www.linkedin.com/messaging/,ok,435,{},navigate_inbox
2026-02-18T22:15:23.881Z,0206a7ac-e9f1-44bc-9513-d4736b6baace,LINKEDIN,navigate,wait_for_domcontentloaded,,,ok,1262,{},post_goto_domcontentloaded
2026-02-18T22:15:24.236Z,0206a7ac-e9f1-44bc-9513-d4736b6baace,LINKEDIN,navigate,wait_for_timeout,,,ok,354,{},post_navigation_settle
2026-02-18T22:15:24.369Z,0206a7ac-e9f1-44bc-9513-d4736b6baace,LINKEDIN,failure_artifacts,screenshot,,,ok,97,{},failure_capture
2026-02-18T22:15:24.402Z,0206a7ac-e9f1-44bc-9513-d4736b6baace,LINKEDIN,failure_artifacts,dom_dump,,,ok,33,{},failure_capture
2026-02-18T22:15:25.358Z,0206a7ac-e9f1-44bc-9513-d4736b6baace,LINKEDIN,open_thread,thread_sync_start,,,ok,,"{""openedThreadsCount"":27}",Suhail Malik (linkedin-urn:ember105)
2026-02-18T22:15:25.366Z,0206a7ac-e9f1-44bc-9513-d4736b6baace,LINKEDIN,read_thread,thread_parse_start,,,ok,,{},Suhail Malik (linkedin-urn:ember105)
2026-02-18T22:15:30.277Z,0206a7ac-e9f1-44bc-9513-d4736b6baace,LINKEDIN,navigate,goto,,https://www.linkedin.com/messaging/,ok,4891,{},navigate_inbox
2026-02-18T22:15:31.220Z,0206a7ac-e9f1-44bc-9513-d4736b6baace,LINKEDIN,navigate,wait_for_domcontentloaded,,,ok,941,{},post_goto_domcontentloaded
2026-02-18T22:15:31.574Z,0206a7ac-e9f1-44bc-9513-d4736b6baace,LINKEDIN,navigate,wait_for_timeout,,,ok,353,{},post_navigation_settle
2026-02-18T22:15:31.684Z,0206a7ac-e9f1-44bc-9513-d4736b6baace,LINKEDIN,failure_artifacts,screenshot,,,ok,85,{},failure_capture
2026-02-18T22:15:31.716Z,0206a7ac-e9f1-44bc-9513-d4736b6baace,LINKEDIN,failure_artifacts,dom_dump,,,ok,31,{},failure_capture
2026-02-18T22:15:32.200Z,0206a7ac-e9f1-44bc-9513-d4736b6baace,LINKEDIN,open_thread,thread_sync_start,,,ok,,"{""openedThreadsCount"":28}",Jessica Essien (linkedin-urn:ember113)
2026-02-18T22:15:32.211Z,0206a7ac-e9f1-44bc-9513-d4736b6baace,LINKEDIN,read_thread,thread_parse_start,,,ok,,{},Jessica Essien (linkedin-urn:ember113)
2026-02-18T22:15:33.668Z,0206a7ac-e9f1-44bc-9513-d4736b6baace,LINKEDIN,navigate,goto,,https://www.linkedin.com/messaging/,ok,1435,{},navigate_inbox
2026-02-18T22:15:34.631Z,0206a7ac-e9f1-44bc-9513-d4736b6baace,LINKEDIN,navigate,wait_for_domcontentloaded,,,ok,962,{},post_goto_domcontentloaded
2026-02-18T22:15:34.982Z,0206a7ac-e9f1-44bc-9513-d4736b6baace,LINKEDIN,navigate,wait_for_timeout,,,ok,351,{},post_navigation_settle
2026-02-18T22:15:35.105Z,0206a7ac-e9f1-44bc-9513-d4736b6baace,LINKEDIN,failure_artifacts,screenshot,,,ok,101,{},failure_capture
2026-02-18T22:15:35.136Z,0206a7ac-e9f1-44bc-9513-d4736b6baace,LINKEDIN,failure_artifacts,dom_dump,,,ok,30,{},failure_capture
2026-02-18T22:15:35.543Z,0206a7ac-e9f1-44bc-9513-d4736b6baace,LINKEDIN,open_thread,thread_sync_start,,,ok,,"{""openedThreadsCount"":29}",MIRACLE OJIEH (linkedin-urn:ember122)
2026-02-18T22:15:35.550Z,0206a7ac-e9f1-44bc-9513-d4736b6baace,LINKEDIN,read_thread,thread_parse_start,,,ok,,{},MIRACLE OJIEH (linkedin-urn:ember122)
2026-02-18T22:15:35.920Z,0206a7ac-e9f1-44bc-9513-d4736b6baace,LINKEDIN,navigate,goto,,https://www.linkedin.com/messaging/,ok,364,{},navigate_inbox
2026-02-18T22:15:36.634Z,0206a7ac-e9f1-44bc-9513-d4736b6baace,LINKEDIN,navigate,wait_for_domcontentloaded,,,ok,710,{},post_goto_domcontentloaded
2026-02-18T22:15:36.985Z,0206a7ac-e9f1-44bc-9513-d4736b6baace,LINKEDIN,navigate,wait_for_timeout,,,ok,351,{},post_navigation_settle
2026-02-18T22:15:37.103Z,0206a7ac-e9f1-44bc-9513-d4736b6baace,LINKEDIN,failure_artifacts,screenshot,,,ok,95,{},failure_capture
2026-02-18T22:15:37.134Z,0206a7ac-e9f1-44bc-9513-d4736b6baace,LINKEDIN,failure_artifacts,dom_dump,,,ok,31,{},failure_capture
2026-02-18T22:15:37.557Z,0206a7ac-e9f1-44bc-9513-d4736b6baace,LINKEDIN,open_thread,thread_sync_start,,,ok,,"{""openedThreadsCount"":30}",LinkedIn Thread 11 (linkedin-urn:ember131)
2026-02-18T22:15:37.564Z,0206a7ac-e9f1-44bc-9513-d4736b6baace,LINKEDIN,read_thread,thread_parse_start,,,ok,,{},LinkedIn Thread 11 (linkedin-urn:ember131)
2026-02-18T22:15:37.867Z,0206a7ac-e9f1-44bc-9513-d4736b6baace,LINKEDIN,navigate,goto,,https://www.linkedin.com/messaging/,ok,298,{},navigate_inbox
2026-02-18T22:15:38.499Z,0206a7ac-e9f1-44bc-9513-d4736b6baace,LINKEDIN,navigate,wait_for_domcontentloaded,,,ok,632,{},post_goto_domcontentloaded
2026-02-18T22:15:38.850Z,0206a7ac-e9f1-44bc-9513-d4736b6baace,LINKEDIN,navigate,wait_for_timeout,,,ok,351,{},post_navigation_settle
2026-02-18T22:15:38.950Z,0206a7ac-e9f1-44bc-9513-d4736b6baace,LINKEDIN,failure_artifacts,screenshot,,,ok,87,{},failure_capture
2026-02-18T22:15:38.980Z,0206a7ac-e9f1-44bc-9513-d4736b6baace,LINKEDIN,failure_artifacts,dom_dump,,,ok,30,{},failure_capture
2026-02-18T22:15:39.396Z,0206a7ac-e9f1-44bc-9513-d4736b6baace,LINKEDIN,open_thread,thread_sync_start,,,ok,,"{""openedThreadsCount"":31}",LinkedIn Thread 12 (linkedin-urn:ember132)
2026-02-18T22:15:39.413Z,0206a7ac-e9f1-44bc-9513-d4736b6baace,LINKEDIN,read_thread,thread_parse_start,,,ok,,{},LinkedIn Thread 12 (linkedin-urn:ember132)
2026-02-18T22:15:39.736Z,0206a7ac-e9f1-44bc-9513-d4736b6baace,LINKEDIN,navigate,goto,,https://www.linkedin.com/messaging/,ok,318,{},navigate_inbox
2026-02-18T22:15:40.364Z,0206a7ac-e9f1-44bc-9513-d4736b6baace,LINKEDIN,navigate,wait_for_domcontentloaded,,,ok,627,{},post_goto_domcontentloaded
2026-02-18T22:15:40.715Z,0206a7ac-e9f1-44bc-9513-d4736b6baace,LINKEDIN,navigate,wait_for_timeout,,,ok,351,{},post_navigation_settle
2026-02-18T22:15:40.841Z,0206a7ac-e9f1-44bc-9513-d4736b6baace,LINKEDIN,failure_artifacts,screenshot,,,ok,105,{},failure_capture
2026-02-18T22:15:40.873Z,0206a7ac-e9f1-44bc-9513-d4736b6baace,LINKEDIN,failure_artifacts,dom_dump,,,ok,32,{},failure_capture
2026-02-18T22:15:41.510Z,0206a7ac-e9f1-44bc-9513-d4736b6baace,LINKEDIN,open_thread,thread_sync_start,,,ok,,"{""openedThreadsCount"":32}",LinkedIn Thread 13 (linkedin-urn:ember133)
2026-02-18T22:15:41.520Z,0206a7ac-e9f1-44bc-9513-d4736b6baace,LINKEDIN,read_thread,thread_parse_start,,,ok,,{},LinkedIn Thread 13 (linkedin-urn:ember133)
2026-02-18T22:15:43.937Z,0206a7ac-e9f1-44bc-9513-d4736b6baace,LINKEDIN,navigate,goto,,https://www.linkedin.com/messaging/,ok,2410,{},navigate_inbox
2026-02-18T22:15:44.777Z,0206a7ac-e9f1-44bc-9513-d4736b6baace,LINKEDIN,navigate,wait_for_domcontentloaded,,,ok,840,{},post_goto_domcontentloaded
2026-02-18T22:15:45.131Z,0206a7ac-e9f1-44bc-9513-d4736b6baace,LINKEDIN,navigate,wait_for_timeout,,,ok,353,{},post_navigation_settle
2026-02-18T22:15:45.264Z,0206a7ac-e9f1-44bc-9513-d4736b6baace,LINKEDIN,failure_artifacts,screenshot,,,ok,105,{},failure_capture
2026-02-18T22:15:45.299Z,0206a7ac-e9f1-44bc-9513-d4736b6baace,LINKEDIN,failure_artifacts,dom_dump,,,ok,35,{},failure_capture
2026-02-18T22:15:46.295Z,0206a7ac-e9f1-44bc-9513-d4736b6baace,LINKEDIN,open_thread,thread_sync_start,,,ok,,"{""openedThreadsCount"":33}",LinkedIn Thread 14 (linkedin-urn:ember134)
2026-02-18T22:15:46.299Z,0206a7ac-e9f1-44bc-9513-d4736b6baace,LINKEDIN,read_thread,thread_parse_start,,,ok,,{},LinkedIn Thread 14 (linkedin-urn:ember134)
2026-02-18T22:15:47.249Z,0206a7ac-e9f1-44bc-9513-d4736b6baace,LINKEDIN,navigate,goto,,https://www.linkedin.com/messaging/,ok,940,{},navigate_inbox
2026-02-18T22:15:48.237Z,0206a7ac-e9f1-44bc-9513-d4736b6baace,LINKEDIN,navigate,wait_for_domcontentloaded,,,ok,987,{},post_goto_domcontentloaded
2026-02-18T22:15:48.590Z,0206a7ac-e9f1-44bc-9513-d4736b6baace,LINKEDIN,navigate,wait_for_timeout,,,ok,351,{},post_navigation_settle
2026-02-18T22:15:48.702Z,0206a7ac-e9f1-44bc-9513-d4736b6baace,LINKEDIN,failure_artifacts,screenshot,,,ok,92,{},failure_capture
2026-02-18T22:15:48.735Z,0206a7ac-e9f1-44bc-9513-d4736b6baace,LINKEDIN,failure_artifacts,dom_dump,,,ok,33,{},failure_capture
2026-02-18T22:15:49.377Z,0206a7ac-e9f1-44bc-9513-d4736b6baace,LINKEDIN,open_thread,thread_sync_start,,,ok,,"{""openedThreadsCount"":34}",LinkedIn Thread 15 (linkedin-urn:ember135)
2026-02-18T22:15:49.381Z,0206a7ac-e9f1-44bc-9513-d4736b6baace,LINKEDIN,read_thread,thread_parse_start,,,ok,,{},LinkedIn Thread 15 (linkedin-urn:ember135)
2026-02-18T22:15:50.555Z,0206a7ac-e9f1-44bc-9513-d4736b6baace,LINKEDIN,navigate,goto,,https://www.linkedin.com/messaging/,ok,1168,{},navigate_inbox
2026-02-18T22:15:51.641Z,0206a7ac-e9f1-44bc-9513-d4736b6baace,LINKEDIN,navigate,wait_for_domcontentloaded,,,ok,1085,{},post_goto_domcontentloaded
2026-02-18T22:15:51.994Z,0206a7ac-e9f1-44bc-9513-d4736b6baace,LINKEDIN,navigate,wait_for_timeout,,,ok,353,{},post_navigation_settle
2026-02-18T22:15:52.120Z,0206a7ac-e9f1-44bc-9513-d4736b6baace,LINKEDIN,failure_artifacts,screenshot,,,ok,102,{},failure_capture
2026-02-18T22:15:52.152Z,0206a7ac-e9f1-44bc-9513-d4736b6baace,LINKEDIN,failure_artifacts,dom_dump,,,ok,31,{},failure_capture
2026-02-18T22:15:53.006Z,0206a7ac-e9f1-44bc-9513-d4736b6baace,LINKEDIN,open_thread,thread_sync_start,,,ok,,"{""openedThreadsCount"":35}",LinkedIn Thread 16 (linkedin-urn:ember136)
2026-02-18T22:15:53.011Z,0206a7ac-e9f1-44bc-9513-d4736b6baace,LINKEDIN,read_thread,thread_parse_start,,,ok,,{},LinkedIn Thread 16 (linkedin-urn:ember136)
2026-02-18T22:15:54.374Z,0206a7ac-e9f1-44bc-9513-d4736b6baace,LINKEDIN,navigate,goto,,https://www.linkedin.com/messaging/,ok,1352,{},navigate_inbox
2026-02-18T22:15:55.423Z,0206a7ac-e9f1-44bc-9513-d4736b6baace,LINKEDIN,navigate,wait_for_domcontentloaded,,,ok,1048,{},post_goto_domcontentloaded
2026-02-18T22:15:55.776Z,0206a7ac-e9f1-44bc-9513-d4736b6baace,LINKEDIN,navigate,wait_for_timeout,,,ok,352,{},post_navigation_settle
2026-02-18T22:15:55.889Z,0206a7ac-e9f1-44bc-9513-d4736b6baace,LINKEDIN,failure_artifacts,screenshot,,,ok,92,{},failure_capture
2026-02-18T22:15:55.925Z,0206a7ac-e9f1-44bc-9513-d4736b6baace,LINKEDIN,failure_artifacts,dom_dump,,,ok,35,{},failure_capture
2026-02-18T22:15:56.588Z,0206a7ac-e9f1-44bc-9513-d4736b6baace,LINKEDIN,open_thread,thread_sync_start,,,ok,,"{""openedThreadsCount"":36}",LinkedIn Thread 17 (linkedin-urn:ember137)
2026-02-18T22:15:56.594Z,0206a7ac-e9f1-44bc-9513-d4736b6baace,LINKEDIN,read_thread,thread_parse_start,,,ok,,{},LinkedIn Thread 17 (linkedin-urn:ember137)
2026-02-18T22:15:57.942Z,0206a7ac-e9f1-44bc-9513-d4736b6baace,LINKEDIN,navigate,goto,,https://www.linkedin.com/messaging/,ok,1326,{},navigate_inbox
2026-02-18T22:15:58.863Z,0206a7ac-e9f1-44bc-9513-d4736b6baace,LINKEDIN,navigate,wait_for_domcontentloaded,,,ok,920,{},post_goto_domcontentloaded
2026-02-18T22:15:59.217Z,0206a7ac-e9f1-44bc-9513-d4736b6baace,LINKEDIN,navigate,wait_for_timeout,,,ok,353,{},post_navigation_settle
2026-02-18T22:15:59.337Z,0206a7ac-e9f1-44bc-9513-d4736b6baace,LINKEDIN,failure_artifacts,screenshot,,,ok,95,{},failure_capture
2026-02-18T22:15:59.373Z,0206a7ac-e9f1-44bc-9513-d4736b6baace,LINKEDIN,failure_artifacts,dom_dump,,,ok,36,{},failure_capture
2026-02-18T22:15:59.766Z,0206a7ac-e9f1-44bc-9513-d4736b6baace,LINKEDIN,open_thread,thread_sync_start,,,ok,,"{""openedThreadsCount"":37}",LinkedIn Thread 18 (linkedin-urn:ember138)
2026-02-18T22:15:59.776Z,0206a7ac-e9f1-44bc-9513-d4736b6baace,LINKEDIN,read_thread,thread_parse_start,,,ok,,{},LinkedIn Thread 18 (linkedin-urn:ember138)
2026-02-18T22:16:00.096Z,0206a7ac-e9f1-44bc-9513-d4736b6baace,LINKEDIN,navigate,goto,,https://www.linkedin.com/messaging/,ok,316,{},navigate_inbox
2026-02-18T22:16:01.001Z,0206a7ac-e9f1-44bc-9513-d4736b6baace,LINKEDIN,navigate,wait_for_domcontentloaded,,,ok,904,{},post_goto_domcontentloaded
2026-02-18T22:16:01.353Z,0206a7ac-e9f1-44bc-9513-d4736b6baace,LINKEDIN,navigate,wait_for_timeout,,,ok,352,{},post_navigation_settle
2026-02-18T22:16:01.469Z,0206a7ac-e9f1-44bc-9513-d4736b6baace,LINKEDIN,failure_artifacts,screenshot,,,ok,91,{},failure_capture
2026-02-18T22:16:01.500Z,0206a7ac-e9f1-44bc-9513-d4736b6baace,LINKEDIN,failure_artifacts,dom_dump,,,ok,31,{},failure_capture
2026-02-18T22:16:02.088Z,0206a7ac-e9f1-44bc-9513-d4736b6baace,LINKEDIN,open_thread,thread_sync_start,,,ok,,"{""openedThreadsCount"":38}",Harrison Ndugba BCS (linkedin-urn:ember308)
2026-02-18T22:16:02.098Z,0206a7ac-e9f1-44bc-9513-d4736b6baace,LINKEDIN,read_thread,thread_parse_start,,,ok,,{},Harrison Ndugba BCS (linkedin-urn:ember308)
2026-02-18T22:16:03.306Z,0206a7ac-e9f1-44bc-9513-d4736b6baace,LINKEDIN,navigate,goto,,https://www.linkedin.com/messaging/,ok,1173,{},navigate_inbox
2026-02-18T22:16:04.169Z,0206a7ac-e9f1-44bc-9513-d4736b6baace,LINKEDIN,navigate,wait_for_domcontentloaded,,,ok,862,{},post_goto_domcontentloaded
2026-02-18T22:16:04.522Z,0206a7ac-e9f1-44bc-9513-d4736b6baace,LINKEDIN,navigate,wait_for_timeout,,,ok,351,{},post_navigation_settle
2026-02-18T22:16:04.634Z,0206a7ac-e9f1-44bc-9513-d4736b6baace,LINKEDIN,failure_artifacts,screenshot,,,ok,88,{},failure_capture
2026-02-18T22:16:04.678Z,0206a7ac-e9f1-44bc-9513-d4736b6baace,LINKEDIN,failure_artifacts,dom_dump,,,ok,42,{},failure_capture
2026-02-18T22:16:05.484Z,0206a7ac-e9f1-44bc-9513-d4736b6baace,LINKEDIN,open_thread,thread_sync_start,,,ok,,"{""openedThreadsCount"":39}",LinkedIn Thread 20 (linkedin-urn:ember309)
2026-02-18T22:16:05.490Z,0206a7ac-e9f1-44bc-9513-d4736b6baace,LINKEDIN,read_thread,thread_parse_start,,,ok,,{},LinkedIn Thread 20 (linkedin-urn:ember309)
2026-02-18T22:16:06.852Z,0206a7ac-e9f1-44bc-9513-d4736b6baace,LINKEDIN,navigate,goto,,https://www.linkedin.com/messaging/,ok,1344,{},navigate_inbox
2026-02-18T22:16:07.966Z,0206a7ac-e9f1-44bc-9513-d4736b6baace,LINKEDIN,navigate,wait_for_domcontentloaded,,,ok,1113,{},post_goto_domcontentloaded
2026-02-18T22:16:08.322Z,0206a7ac-e9f1-44bc-9513-d4736b6baace,LINKEDIN,navigate,wait_for_timeout,,,ok,355,{},post_navigation_settle
2026-02-18T22:16:08.450Z,0206a7ac-e9f1-44bc-9513-d4736b6baace,LINKEDIN,failure_artifacts,screenshot,,,ok,102,{},failure_capture
2026-02-18T22:16:08.484Z,0206a7ac-e9f1-44bc-9513-d4736b6baace,LINKEDIN,failure_artifacts,dom_dump,,,ok,33,{},failure_capture
2026-02-18T22:16:09.165Z,0206a7ac-e9f1-44bc-9513-d4736b6baace,LINKEDIN,open_thread,thread_sync_start,,,ok,,"{""openedThreadsCount"":40}",LinkedIn Thread 21 (linkedin-urn:ember320)
2026-02-18T22:16:09.177Z,0206a7ac-e9f1-44bc-9513-d4736b6baace,LINKEDIN,read_thread,thread_parse_start,,,ok,,{},LinkedIn Thread 21 (linkedin-urn:ember320)
2026-02-18T22:16:09.636Z,0206a7ac-e9f1-44bc-9513-d4736b6baace,LINKEDIN,navigate,goto,,https://www.linkedin.com/messaging/,ok,450,{},navigate_inbox
2026-02-18T22:16:10.608Z,0206a7ac-e9f1-44bc-9513-d4736b6baace,LINKEDIN,navigate,wait_for_domcontentloaded,,,ok,971,{},post_goto_domcontentloaded
2026-02-18T22:16:10.961Z,0206a7ac-e9f1-44bc-9513-d4736b6baace,LINKEDIN,navigate,wait_for_timeout,,,ok,352,{},post_navigation_settle
2026-02-18T22:16:11.064Z,0206a7ac-e9f1-44bc-9513-d4736b6baace,LINKEDIN,failure_artifacts,screenshot,,,ok,90,{},failure_capture
2026-02-18T22:16:11.097Z,0206a7ac-e9f1-44bc-9513-d4736b6baace,LINKEDIN,failure_artifacts,dom_dump,,,ok,33,{},failure_capture
2026-02-18T22:16:11.736Z,0206a7ac-e9f1-44bc-9513-d4736b6baace,LINKEDIN,open_thread,thread_sync_start,,,ok,,"{""openedThreadsCount"":41}",LinkedIn Thread 22 (linkedin-urn:ember321)
2026-02-18T22:16:11.744Z,0206a7ac-e9f1-44bc-9513-d4736b6baace,LINKEDIN,read_thread,thread_parse_start,,,ok,,{},LinkedIn Thread 22 (linkedin-urn:ember321)
2026-02-18T22:16:13.187Z,0206a7ac-e9f1-44bc-9513-d4736b6baace,LINKEDIN,navigate,goto,,https://www.linkedin.com/messaging/,ok,1414,{},navigate_inbox
2026-02-18T22:16:14.166Z,0206a7ac-e9f1-44bc-9513-d4736b6baace,LINKEDIN,navigate,wait_for_domcontentloaded,,,ok,978,{},post_goto_domcontentloaded
2026-02-18T22:16:14.523Z,0206a7ac-e9f1-44bc-9513-d4736b6baace,LINKEDIN,navigate,wait_for_timeout,,,ok,356,{},post_navigation_settle
2026-02-18T22:16:14.635Z,0206a7ac-e9f1-44bc-9513-d4736b6baace,LINKEDIN,failure_artifacts,screenshot,,,ok,98,{},failure_capture
2026-02-18T22:16:14.668Z,0206a7ac-e9f1-44bc-9513-d4736b6baace,LINKEDIN,failure_artifacts,dom_dump,,,ok,33,{},failure_capture
2026-02-18T22:16:15.718Z,0206a7ac-e9f1-44bc-9513-d4736b6baace,LINKEDIN,open_thread,thread_sync_start,,,ok,,"{""openedThreadsCount"":42}",LinkedIn Thread 23 (linkedin-urn:ember322)
2026-02-18T22:16:15.744Z,0206a7ac-e9f1-44bc-9513-d4736b6baace,LINKEDIN,read_thread,thread_parse_start,,,ok,,{},LinkedIn Thread 23 (linkedin-urn:ember322)
2026-02-18T22:16:17.610Z,0206a7ac-e9f1-44bc-9513-d4736b6baace,LINKEDIN,navigate,goto,,https://www.linkedin.com/messaging/,ok,1843,{},navigate_inbox
2026-02-18T22:16:18.877Z,0206a7ac-e9f1-44bc-9513-d4736b6baace,LINKEDIN,navigate,wait_for_domcontentloaded,,,ok,1266,{},post_goto_domcontentloaded
2026-02-18T22:16:19.233Z,0206a7ac-e9f1-44bc-9513-d4736b6baace,LINKEDIN,navigate,wait_for_timeout,,,ok,355,{},post_navigation_settle
2026-02-18T22:16:19.351Z,0206a7ac-e9f1-44bc-9513-d4736b6baace,LINKEDIN,failure_artifacts,screenshot,,,ok,88,{},failure_capture
2026-02-18T22:16:19.383Z,0206a7ac-e9f1-44bc-9513-d4736b6baace,LINKEDIN,failure_artifacts,dom_dump,,,ok,32,{},failure_capture
2026-02-18T22:16:20.309Z,0206a7ac-e9f1-44bc-9513-d4736b6baace,LINKEDIN,open_thread,thread_sync_start,,,ok,,"{""openedThreadsCount"":43}",LinkedIn Thread 24 (linkedin-urn:ember323)
2026-02-18T22:16:20.315Z,0206a7ac-e9f1-44bc-9513-d4736b6baace,LINKEDIN,read_thread,thread_parse_start,,,ok,,{},LinkedIn Thread 24 (linkedin-urn:ember323)
2026-02-18T22:16:21.543Z,0206a7ac-e9f1-44bc-9513-d4736b6baace,LINKEDIN,navigate,goto,,https://www.linkedin.com/messaging/,ok,1198,{},navigate_inbox
2026-02-18T22:16:22.434Z,0206a7ac-e9f1-44bc-9513-d4736b6baace,LINKEDIN,navigate,wait_for_domcontentloaded,,,ok,889,{},post_goto_domcontentloaded
2026-02-18T22:16:22.786Z,0206a7ac-e9f1-44bc-9513-d4736b6baace,LINKEDIN,navigate,wait_for_timeout,,,ok,352,{},post_navigation_settle
2026-02-18T22:16:22.911Z,0206a7ac-e9f1-44bc-9513-d4736b6baace,LINKEDIN,failure_artifacts,screenshot,,,ok,108,{},failure_capture
2026-02-18T22:16:22.946Z,0206a7ac-e9f1-44bc-9513-d4736b6baace,LINKEDIN,failure_artifacts,dom_dump,,,ok,34,{},failure_capture
2026-02-18T22:16:23.933Z,0206a7ac-e9f1-44bc-9513-d4736b6baace,LINKEDIN,open_thread,thread_sync_start,,,ok,,"{""openedThreadsCount"":44}",LinkedIn Thread 25 (linkedin-urn:ember324)
2026-02-18T22:16:23.938Z,0206a7ac-e9f1-44bc-9513-d4736b6baace,LINKEDIN,read_thread,thread_parse_start,,,ok,,{},LinkedIn Thread 25 (linkedin-urn:ember324)
2026-02-18T22:16:25.339Z,0206a7ac-e9f1-44bc-9513-d4736b6baace,LINKEDIN,navigate,goto,,https://www.linkedin.com/messaging/,ok,1390,{},navigate_inbox
2026-02-18T22:16:26.522Z,0206a7ac-e9f1-44bc-9513-d4736b6baace,LINKEDIN,navigate,wait_for_domcontentloaded,,,ok,1181,{},post_goto_domcontentloaded
2026-02-18T22:16:26.875Z,0206a7ac-e9f1-44bc-9513-d4736b6baace,LINKEDIN,navigate,wait_for_timeout,,,ok,352,{},post_navigation_settle
2026-02-18T22:16:26.987Z,0206a7ac-e9f1-44bc-9513-d4736b6baace,LINKEDIN,failure_artifacts,screenshot,,,ok,100,{},failure_capture
2026-02-18T22:16:27.019Z,0206a7ac-e9f1-44bc-9513-d4736b6baace,LINKEDIN,failure_artifacts,dom_dump,,,ok,32,{},failure_capture
2026-02-18T22:16:27.511Z,0206a7ac-e9f1-44bc-9513-d4736b6baace,LINKEDIN,open_thread,thread_sync_start,,,ok,,"{""openedThreadsCount"":45}",LinkedIn Thread 26 (linkedin-urn:ember325)
2026-02-18T22:16:27.513Z,0206a7ac-e9f1-44bc-9513-d4736b6baace,LINKEDIN,read_thread,thread_parse_start,,,ok,,{},LinkedIn Thread 26 (linkedin-urn:ember325)
2026-02-18T22:16:28.043Z,0206a7ac-e9f1-44bc-9513-d4736b6baace,LINKEDIN,navigate,goto,,https://www.linkedin.com/messaging/,ok,523,{},navigate_inbox
2026-02-18T22:16:29.099Z,0206a7ac-e9f1-44bc-9513-d4736b6baace,LINKEDIN,navigate,wait_for_domcontentloaded,,,ok,1054,{},post_goto_domcontentloaded
2026-02-18T22:16:29.451Z,0206a7ac-e9f1-44bc-9513-d4736b6baace,LINKEDIN,navigate,wait_for_timeout,,,ok,352,{},post_navigation_settle
2026-02-18T22:16:29.549Z,0206a7ac-e9f1-44bc-9513-d4736b6baace,LINKEDIN,failure_artifacts,screenshot,,,ok,83,{},failure_capture
2026-02-18T22:16:29.584Z,0206a7ac-e9f1-44bc-9513-d4736b6baace,LINKEDIN,failure_artifacts,dom_dump,,,ok,35,{},failure_capture
2026-02-18T22:16:30.495Z,0206a7ac-e9f1-44bc-9513-d4736b6baace,LINKEDIN,open_thread,thread_sync_start,,,ok,,"{""openedThreadsCount"":46}",LinkedIn Thread 27 (linkedin-urn:ember326)
2026-02-18T22:16:30.502Z,0206a7ac-e9f1-44bc-9513-d4736b6baace,LINKEDIN,read_thread,thread_parse_start,,,ok,,{},LinkedIn Thread 27 (linkedin-urn:ember326)
2026-02-18T22:16:31.832Z,0206a7ac-e9f1-44bc-9513-d4736b6baace,LINKEDIN,navigate,goto,,https://www.linkedin.com/messaging/,ok,1321,{},navigate_inbox
2026-02-18T22:16:33.059Z,0206a7ac-e9f1-44bc-9513-d4736b6baace,LINKEDIN,navigate,wait_for_domcontentloaded,,,ok,1225,{},post_goto_domcontentloaded
2026-02-18T22:16:33.414Z,0206a7ac-e9f1-44bc-9513-d4736b6baace,LINKEDIN,navigate,wait_for_timeout,,,ok,353,{},post_navigation_settle
2026-02-18T22:16:33.536Z,0206a7ac-e9f1-44bc-9513-d4736b6baace,LINKEDIN,failure_artifacts,screenshot,,,ok,95,{},failure_capture
2026-02-18T22:16:33.570Z,0206a7ac-e9f1-44bc-9513-d4736b6baace,LINKEDIN,failure_artifacts,dom_dump,,,ok,33,{},failure_capture
2026-02-18T22:16:33.984Z,0206a7ac-e9f1-44bc-9513-d4736b6baace,LINKEDIN,open_thread,thread_sync_start,,,ok,,"{""openedThreadsCount"":47}",LinkedIn Thread 28 (linkedin-urn:ember327)
2026-02-18T22:16:33.992Z,0206a7ac-e9f1-44bc-9513-d4736b6baace,LINKEDIN,read_thread,thread_parse_start,,,ok,,{},LinkedIn Thread 28 (linkedin-urn:ember327)
2026-02-18T22:16:34.294Z,0206a7ac-e9f1-44bc-9513-d4736b6baace,LINKEDIN,navigate,goto,,https://www.linkedin.com/messaging/,ok,294,{},navigate_inbox
2026-02-18T22:16:35.101Z,0206a7ac-e9f1-44bc-9513-d4736b6baace,LINKEDIN,navigate,wait_for_domcontentloaded,,,ok,807,{},post_goto_domcontentloaded
2026-02-18T22:16:35.457Z,0206a7ac-e9f1-44bc-9513-d4736b6baace,LINKEDIN,navigate,wait_for_timeout,,,ok,356,{},post_navigation_settle
2026-02-18T22:16:35.571Z,0206a7ac-e9f1-44bc-9513-d4736b6baace,LINKEDIN,failure_artifacts,screenshot,,,ok,88,{},failure_capture
2026-02-18T22:16:35.603Z,0206a7ac-e9f1-44bc-9513-d4736b6baace,LINKEDIN,failure_artifacts,dom_dump,,,ok,32,{},failure_capture
2026-02-18T22:16:36.090Z,0206a7ac-e9f1-44bc-9513-d4736b6baace,LINKEDIN,open_thread,thread_sync_start,,,ok,,"{""openedThreadsCount"":48}",LinkedIn Thread 29 (linkedin-urn:ember328)
2026-02-18T22:16:36.096Z,0206a7ac-e9f1-44bc-9513-d4736b6baace,LINKEDIN,read_thread,thread_parse_start,,,ok,,{},LinkedIn Thread 29 (linkedin-urn:ember328)
2026-02-18T22:16:37.253Z,0206a7ac-e9f1-44bc-9513-d4736b6baace,LINKEDIN,navigate,goto,,https://www.linkedin.com/messaging/,ok,1149,{},navigate_inbox
2026-02-18T22:16:38.154Z,0206a7ac-e9f1-44bc-9513-d4736b6baace,LINKEDIN,navigate,wait_for_domcontentloaded,,,ok,899,{},post_goto_domcontentloaded
2026-02-18T22:16:38.507Z,0206a7ac-e9f1-44bc-9513-d4736b6baace,LINKEDIN,navigate,wait_for_timeout,,,ok,353,{},post_navigation_settle
2026-02-18T22:16:38.611Z,0206a7ac-e9f1-44bc-9513-d4736b6baace,LINKEDIN,failure_artifacts,screenshot,,,ok,87,{},failure_capture
2026-02-18T22:16:38.644Z,0206a7ac-e9f1-44bc-9513-d4736b6baace,LINKEDIN,failure_artifacts,dom_dump,,,ok,33,{},failure_capture
2026-02-18T22:16:39.182Z,0206a7ac-e9f1-44bc-9513-d4736b6baace,LINKEDIN,open_thread,thread_sync_start,,,ok,,"{""openedThreadsCount"":49}",LinkedIn Thread 30 (linkedin-urn:ember329)
2026-02-18T22:16:39.187Z,0206a7ac-e9f1-44bc-9513-d4736b6baace,LINKEDIN,read_thread,thread_parse_start,,,ok,,{},LinkedIn Thread 30 (linkedin-urn:ember329)
2026-02-18T22:16:40.319Z,0206a7ac-e9f1-44bc-9513-d4736b6baace,LINKEDIN,navigate,goto,,https://www.linkedin.com/messaging/,ok,1128,{},navigate_inbox
2026-02-18T22:16:41.610Z,0206a7ac-e9f1-44bc-9513-d4736b6baace,LINKEDIN,navigate,wait_for_domcontentloaded,,,ok,1287,{},post_goto_domcontentloaded
2026-02-18T22:16:41.962Z,0206a7ac-e9f1-44bc-9513-d4736b6baace,LINKEDIN,navigate,wait_for_timeout,,,ok,352,{},post_navigation_settle
2026-02-18T22:16:42.084Z,0206a7ac-e9f1-44bc-9513-d4736b6baace,LINKEDIN,failure_artifacts,screenshot,,,ok,100,{},failure_capture
2026-02-18T22:16:42.114Z,0206a7ac-e9f1-44bc-9513-d4736b6baace,LINKEDIN,failure_artifacts,dom_dump,,,ok,30,{},failure_capture
